timestamp,ai_anomaly,temperature_c,humidity_rh,weight_kg
00:00,0.10,33.0,55.0,20.0
00:01,0.11,33.0,55.1,20.0
00:02,0.09,33.0,54.9,20.0
00:03,0.10,33.1,55.0,20.0
00:04,0.10,33.0,55.0,20.0
00:05,0.10,33.0,55.0,20.0
00:06,0.10,33.0,55.0,20.0
00:07,0.10,33.0,55.0,20.0
00:08,0.10,33.0,55.0,20.0
00:09,0.10,33.0,55.0,20.0
00:10,0.10,33.0,55.0,20.0
00:11,0.10,33.0,55.0,20.0
00:12,0.10,33.0,55.0,20.0
00:13,0.10,33.0,55.0,20.0
00:14,0.10,33.0,55.0,20.0
00:15,0.10,33.0,55.0,20.0
00:16,0.10,33.0,55.0,20.0
00:17,0.10,33.0,55.0,20.0
00:18,0.10,33.0,55.0,20.0
00:19,0.10,33.0,55.0,20.0
00:20,0.10,33.0,55.0,20.0
00:21,0.10,33.0,55.0,20.0
00:22,0.10,33.0,55.0,20.0
00:23,0.10,33.0,55.0,20.0
00:24,0.10,33.0,55.0,20.0
00:25,0.10,33.0,55.0,20.0
00:26,0.10,33.0,55.0,20.0
00:27,0.10,33.0,55.0,20.0
00:28,0.10,33.0,55.0,20.0
00:29,0.10,33.0,55.0,20.0
00:30,0.10,33.0,55.0,20.0
00:31,0.10,33.0,55.0,20.0
00:32,0.10,33.0,55.0,20.0
00:33,0.10,33.0,55.0,20.0
00:34,0.10,33.0,55.0,20.0
00:35,0.10,33.0,55.0,20.0
00:36,0.10,33.0,55.0,20.0
00:37,0.10,33.0,55.0,20.0
00:38,0.10,33.0,55.0,20.0
00:39,0.10,33.0,55.0,20.0
00:40,0.10,33.0,55.0,20.0
00:41,0.10,33.0,55.0,20.0
00:42,0.10,33.0,55.0,20.0
00:43,0.10,33.0,55.0,20.0
00:44,0.10,33.0,55.0,20.0
00:45,0.10,33.0,55.0,20.0
00:46,0.10,33.0,55.0,20.0
00:47,0.10,33.0,55.0,20.0
00:48,0.10,33.0,55.0,20.0
00:49,0.10,33.0,55.0,20.0
00:50,0.10,33.0,55.0,20.0
00:51,0.10,33.0,55.0,20.0
00:52,0.10,33.0,55.0,20.0
00:53,0.10,33.0,55.0,20.0
00:54,0.10,33.0,55.0,20.0
00:55,0.10,33.0,55.0,20.0
00:56,0.10,33.0,55.0,20.0
00:57,0.10,33.0,55.0,20.0
00:58,0.10,33.0,55.0,20.0
00:59,0.10,33.0,55.0,20.0
01:00,0.65,34.6,62.0,19.6
01:01,0.70,34.8,64.0,19.4
01:02,0.72,35.0,67.0,19.2
01:03,0.86,35.2,70.0,18.9
01:04,0.91,35.3,72.0,18.6
01:05,0.94,35.4,73.0,18.4

